{"width": 100, "height": 100, "attraction": [[0.30000000000000004, 0.0, 0.0, 0.0, 0.0, 0.0], [0.0, -0.30000000000000004, 0.0, 0.0, 0.0, 0.0], [0.0, 0.0, 0.0, 0.0, 0.0, 0.0], [0.0, 0.0, 0.0, 0.0, 0.0, 0.0], [0.0, 0.0, 0.0, 0.0, 0.0, 0.0], [0.0, 0.0, 0.0, 0.0, 0.0, 0.0]], "robot": [[0.39, 0.525, 1], [0.55, 0.52, 1]]}