{"width": 100, "height": 100, "attraction": [[0.30000000000000004, 0.0, 0.0, 0.0, 0.0, -0.1], [0.1, 0.30000000000000004, 0.0, 0.0, 0.0, 0.0], [0.0, 0.1, 0.30000000000000004, 0.0, 0.0, 0.0], [0.0, 0.0, 0.1, 0.30000000000000004, 0.0, 0.0], [0.0, 0.0, 0.0, 0.1, 0.30000000000000004, 0.0], [0.0, 0.0, 0.0, 0.0, 0.1, 0.2]], "robot": [[0.12, 0.485, 0], [0.505, 0.52, 0], [0.535, 0.375, 0], [0.39, 0.47, 0], [0.43, 0.685, 0], [0.835, 0.52, 1], [0.755, 0.52, 1], [0.64, 0.435, 1], [0.65, 0.515, 1], [0.75, 0.415, 2], [0.795, 0.44, 2], [0.77, 0.605, 2], [0.745, 0.655, 2], [0.865, 0.385, 3], [0.89, 0.455, 3], [0.885, 0.54, 3], [0.865, 0.625, 3], [0.84, 0.715, 3], [0.925, 0.33, 4], [0.95, 0.445, 4], [0.95, 0.515, 4], [0.905, 0.61, 4], [0.9, 0.66, 4], [0.9, 0.715, 4], [0.98, 0.365, 5], [0.98, 0.365, 5], [0.98, 0.365, 5], [0.98, 0.445, 5], [0.98, 0.475, 5], [0.975, 0.535, 5], [0.965, 0.665, 5], [0.945, 0.715, 5]]}